<?xml version="1.0"?>
<reportmodule>
  <report>
    <reportid/>
    <head>
      <logo1/>
      <logo2/>
      <title/>
      <email/>
      <address/>
      <tel/>
      <motto/>
      <term/>
      <class>Primary Seven</class>
      <year/>
      <names>Annitah Kyasimire</names>
    </head>
    <subjects>
      <subject>
        <subjectid>68</subjectid>
        <subjectname>Mathematics</subjectname>
      </subject>
      <subject>
        <subjectid>67</subjectid>
        <subjectname>Social Studies</subjectname>
      </subject>
      <subject>
        <subjectid>66</subjectid>
        <subjectname>Science</subjectname>
      </subject>
      <subject>
        <subjectid>64</subjectid>
        <subjectname>Religious Education</subjectname>
      </subject>
      <subject>
        <subjectid>60</subjectid>
        <subjectname>English</subjectname>
        <subjectid/>
        <subjectname/>
      </subject>
    </subjects>
    <exams>
      <exam>
        <examname>MidTerm</examname>
      </exam>
      <exam>
        <examname>End of Term Exams</examname>
      </exam>
      <exam>
        <examname>Beginning of Term</examname>
      </exam>
    </exams>
    <marksheet>
      <examid>
        <examd>68</examd>
        <exams>
          <subjectid>68</subjectid>
          <marks>82</marks>
        </exams>
        <exams>
          <subjectid>68</subjectid>
          <marks>78</marks>
        </exams>
        <exams>
          <subjectid>68</subjectid>
          <marks>87</marks>
        </exams>
        <avmark>76.6</avmark>
      </examid>
      <examid>
        <examd>67</examd>
        <exams>
          <subjectid>67</subjectid>
          <marks>40</marks>
        </exams>
        <exams>
          <subjectid>67</subjectid>
          <marks>0</marks>
        </exams>
        <exams>
          <subjectid>67</subjectid>
          <marks>0</marks>
        </exams>
        <avmark></avmark>
      </examid>
      <examid>
        <examd>66</examd>
        <exams>
          <subjectid>66</subjectid>
          <marks>0</marks>
        </exams>
        <exams>
          <subjectid>66</subjectid>
          <marks>0</marks>
        </exams>
        <exams>
          <subjectid>66</subjectid>
          <marks>0</marks>
        </exams>
        <avmark></avmark>
      </examid>
      <examid>
        <examd>64</examd>
        <exams>
          <subjectid>64</subjectid>
          <marks>0</marks>
        </exams>
        <exams>
          <subjectid>64</subjectid>
          <marks>0</marks>
        </exams>
        <exams>
          <subjectid>64</subjectid>
          <marks>0</marks>
        </exams>
        <avmark></avmark>
      </examid>
      <examid>
        <examd>60</examd>
        <exams>
          <subjectid>60</subjectid>
          <marks>98</marks>
        </exams>
        <exams>
          <subjectid>60</subjectid>
          <marks>78</marks>
        </exams>
        <exams>
          <subjectid>60</subjectid>
          <marks>88</marks>
        </exams>
        <avmark>81.6</avmark>
      </examid>
    </marksheet>
  </report>
</reportmodule>
